TECHNOLOGIES,-47.3%,+21.3%,+89.9%
NUCLEAR,2.0,2.0,2.0
CCGT,1e-06,0.196935,0.16619
CCGT_AMMONIA,11.187516,1e-06,0.0
COAL_US,0.0,0.0,0.0
COAL_IGCC,0.0,0.0,0.0
PV,40.069206,55.283585,55.42609
WIND_ONSHORE,10.0,10.0,10.0
WIND_OFFSHORE,6.0,6.0,6.0
HYDRO_RIVER,0.115,0.115,0.115
GEOTHERMAL,0.0,0.0,0.0
IND_COGEN_GAS,0.0,4.508854915000001,4.571388972
IND_COGEN_WOOD,0.0,0.0,0.0
IND_COGEN_WASTE,0.0,0.0,0.0
DHN_COGEN_GAS,0.0,1.2499999999999999e-06,1.2499999999999999e-06
DHN_COGEN_WOOD,0.0,0.0,0.0
DHN_COGEN_WASTE,0.0,0.0,0.0
DHN_COGEN_WET_BIOMASS,0.0,0.0,0.0
DHN_COGEN_BIO_HYDROLYSIS,0.0,0.0,0.0
DEC_COGEN_GAS,0.0,0.0,0.0
DEC_COGEN_OIL,0.0,0.0,0.0
DEC_ADVCOGEN_GAS,0.0,0.0,0.0
DEC_ADVCOGEN_H2,0.0,0.0,0.0
BIO_HYDROLYSIS,0.20897115893576,0.20897115893576,0.20897115893576
