Name,-47.3%,+21.3%,+89.9%
ELECTRICITY,5094.463508,27567.310215,27567.310718
GASOLINE,0.000325,0.000267,0.000212
DIESEL,0.00077,0.000748,0.00073
BIOETHANOL,0.000366,0.000313,0.000212
BIODIESEL,0.00064,0.000619,0.000628
LFO,69836.173807,0.025512,0.023248
GAS,906.585892,91260.83455,92238.914737
GAS_RE,2e-06,0.000167,0.000112
WOOD,23400.000032,23400.000038,23400.000014
WET_BIOMASS,38900.000008,38900.00001,38900.000002
COAL,33354.999025,15978.804401,8088.356291
URANIUM,40201.257064,40201.257022,40201.25709
WASTE,17799.999999,17800.0,17799.999998
H2,2e-06,4e-06,4e-06
H2_RE,3e-06,5.8e-05,8.4e-05
AMMONIA,0.0,0.000834,10198.142385
METHANOL,0.000748,0.00079,0.00072
AMMONIA_RE,154476.46503,10198.143248,0.000542
METHANOL_RE,4627.557785,40828.169102,45106.428529
ELEC_EXPORT,518.217431,961.812423,1037.941374
CO2_EMISSIONS,45666.447499,41973.997841,40379.938446
RES_WIND,42106.210552,41865.527515,41954.045702
RES_SOLAR,41066.184705,56472.161514,56602.387895
RES_HYDRO,475.654523,475.419413,475.751821
RES_GEO,0.0,0.0,0.0
CO2_ATM,0.000132,8.4e-05,7.2e-05
CO2_INDUSTRY,0.0,0.0,0.0
CO2_CAPTURED,0.0,0.0,0.0
