scenario,case,label,pct,price_Meur_per_GWh,total_cost_Meur,total_gwp_ktCO2,gwp_op_ktCO2,gwp_constr_ktCO2,AMMONIA_RE_used_GWh,AMMONIA_used_GWh
0,ammonia_re_2035_-0473,-47.3%,-47.3,0.043120884897,43151.199924,44027.208675,40000.000003,4027.2086720000007,154476.46503,0.0
1,ammonia_re_2035_-0463,-46.3%,-46.3,0.043939118007,43276.677031,44088.726026,40000.000001,4088.7260249999995,151874.005487,0.0
2,ammonia_re_2035_-0453,-45.3%,-45.3,0.044757351117,43399.37349700001,44108.313688,40000.000004,4108.313684000001,144645.943982,0.0
3,ammonia_re_2035_-0443,-44.3%,-44.3,0.045575584227000004,43510.087073999995,44365.046031000005,40000.000001,4365.046030000001,128345.93339,0.0
4,ammonia_re_2035_-0433,-43.3%,-43.3,0.046393817336999994,43610.098192000005,44410.964138999996,40000.00000099999,4410.964138,117844.087063,0.0
5,ammonia_re_2035_-0423,-42.3%,-42.3,0.04721205044699999,43702.407221,44478.116514,40000.000029,4478.1164850000005,107391.244482,0.0
6,ammonia_re_2035_-0413,-41.3%,-41.3,0.048030283556999995,43789.532276,44485.678289,40000.000001,4485.678288,105019.160338,0.0
7,ammonia_re_2035_-0403,-40.3%,-40.3,0.048848516667,43874.864025,44657.743084,40000.000002,4657.743082,103093.982361,0.0
8,ammonia_re_2035_-0393,-39.3%,-39.3,0.049666749776999995,43950.947792,44745.936839,39999.999999,4745.93684,78492.436285,0.0
9,ammonia_re_2035_-0383,-38.3%,-38.3,0.050484982887,44011.054347000005,44835.765577,40000.000005,4835.765571999999,71108.773657,0.0
10,ammonia_re_2035_-0373,-37.3%,-37.3,0.051303215996999996,44065.934245,44931.969334,40000.000008,4931.969326,60125.733565,0.0
11,ammonia_re_2035_-0363,-36.3%,-36.3,0.052121449107,44109.836308,45037.41962,40000.000004,5037.419616,50113.218479,0.0
12,ammonia_re_2035_-0353,-35.3%,-35.3,0.052939682216999996,44150.555759,44999.25743500001,40000.000007,4999.257428000001,49427.250255,0.0
13,ammonia_re_2035_-0343,-34.3%,-34.3,0.053757915327,44189.961043,44814.822627999994,40000.000016,4814.822612,46296.633869,0.0
14,ammonia_re_2035_-0333,-33.3%,-33.3,0.054576148437000004,44226.945544,44895.489973,40000.000008,4895.489965000001,44638.281888,0.0
15,ammonia_re_2035_-0323,-32.3%,-32.3,0.055394381547,44263.188848,44911.093411,40000.000008,4911.093402999998,43670.084532,0.0
16,ammonia_re_2035_-0313,-31.3%,-31.299999999999997,0.056212614657000004,44296.384854,44843.474425,40000.000005,4843.4744200000005,36763.791527,0.0
17,ammonia_re_2035_-0303,-30.3%,-30.299999999999997,0.057030847767,44325.316965,44875.247519,40000.000016,4875.2475030000005,29955.833452,0.0
18,ammonia_re_2035_-0293,-29.3%,-29.299999999999997,0.057849080877000005,44344.956362,45288.246274,40000.000004999994,5288.246269000001,21015.343135,0.0
19,ammonia_re_2035_-0283,-28.3%,-28.299999999999997,0.058667313987,44358.630732,45405.793022,40000.000001,5405.793021000001,10542.771246,0.0
20,ammonia_re_2035_-0273,-27.3%,-27.299999999999997,0.059485547097000005,44367.039154,45399.205298,40000.000008,5399.205289999999,10198.274712,0.0
21,ammonia_re_2035_-0263,-26.3%,-26.299999999999997,0.060303780207,44375.376725,45399.271636000005,40000.000006,5399.27163,10198.179749,0.0
22,ammonia_re_2035_-0253,-25.3%,-25.299999999999997,0.061122013317000005,44383.721338,45399.037790999995,40000.000006999995,5399.037783999999,10198.168151,0.0
23,ammonia_re_2035_-0243,-24.3%,-24.299999999999997,0.061940246426999995,44392.06835,45398.60871,40000.00001,5398.6087,10198.170507,0.0
24,ammonia_re_2035_-0233,-23.3%,-23.299999999999997,0.06275847953699999,44400.414501,45398.956302,40000.000011,5398.956291,10198.163973,0.0
25,ammonia_re_2035_-0223,-22.3%,-22.299999999999997,0.063576712647,44408.761429,45398.501399,40000.000005,5398.501394,10198.158837,0.0
26,ammonia_re_2035_-0213,-21.3%,-21.299999999999997,0.064394945757,44417.095067999995,45399.031719000006,40000.000005,5399.031714000001,10198.14934,0.0
27,ammonia_re_2035_-0203,-20.3%,-20.299999999999997,0.065213178867,44425.461913,45398.920499,40000.000018,5398.920481,10198.167253,0.0
28,ammonia_re_2035_-0193,-19.3%,-19.299999999999997,0.066031411977,44433.784935,45399.104001,40000.000006,5399.103995,10198.148254,0.0
29,ammonia_re_2035_-0183,-18.3%,-18.299999999999997,0.066849645087,44442.130021000004,45398.731469000006,40000.000004,5398.731465000001,10198.148214,0.0
30,ammonia_re_2035_-0173,-17.3%,-17.299999999999997,0.067667878197,44450.490903000005,45398.374655,40000.00002,5398.374634999999,10198.157847,0.0
31,ammonia_re_2035_-0163,-16.3%,-16.299999999999997,0.068486111307,44458.82282,45399.368345999996,40000.000004999994,5399.368341,10198.149567,0.0
32,ammonia_re_2035_-0153,-15.3%,-15.299999999999997,0.069304344417,44467.17505599999,45397.827294,40000.000005,5397.827289,10198.151745,0.0
33,ammonia_re_2035_-0143,-14.3%,-14.299999999999997,0.07012257752699999,44475.511444,45399.519103,40000.000002,5399.519101,10198.147631,0.0
34,ammonia_re_2035_-0133,-13.3%,-13.299999999999997,0.070940810637,44483.866005,45398.16962,40000.000001,5398.169619,10198.15028,0.0
35,ammonia_re_2035_-0123,-12.3%,-12.299999999999997,0.071759043747,44492.195518,45398.499533,40000.000001,5398.499532,10198.145192,0.0
36,ammonia_re_2035_-0113,-11.3%,-11.299999999999997,0.072577276857,44500.550192,45398.975328,40000.000003,5398.975325,10198.148299,0.0
37,ammonia_re_2035_-0103,-10.3%,-10.299999999999997,0.07339550996699999,44508.902369999996,45398.629938000005,40000.000004,5398.629934000001,10198.150136,0.0
38,ammonia_re_2035_-0093,-9.3%,-9.299999999999997,0.074213743077,44517.230991,45398.726134000004,40000.000002,5398.7261320000025,10198.145801,0.0
39,ammonia_re_2035_-0083,-8.3%,-8.299999999999997,0.075031976187,44525.591406,45398.97707,40000.000002,5398.977068,10198.148315,0.0
40,ammonia_re_2035_-0073,-7.3%,-7.299999999999997,0.075850209297,44533.92354,45396.713124999995,40000.00000099999,5396.713124000001,10198.145773,0.0
41,ammonia_re_2035_-0063,-6.3%,-6.299999999999997,0.076668442407,44542.271773,45398.767775,40000.0,5398.767774999999,10198.145428,0.0
42,ammonia_re_2035_-0053,-5.3%,-5.299999999999997,0.077486675517,44550.621066,45398.787381999995,40000.0,5398.787381999999,10198.146088,0.0
43,ammonia_re_2035_-0043,-4.3%,-4.299999999999997,0.078304908627,44559.109281,45397.695669999994,40000.000006999995,5397.695663000001,10198.167424,0.0
44,ammonia_re_2035_-0033,-3.3%,-3.299999999999997,0.079123141737,44567.29937,45397.508692,40000.000001,5397.508691000001,10198.145109,0.0
45,ammonia_re_2035_-0023,-2.3%,-2.299999999999997,0.079941374847,44575.63927,45397.719007,40000.0,5397.719007000001,10198.144256,0.0
46,ammonia_re_2035_-0013,-1.3%,-1.2999999999999972,0.08075960795699999,44583.986934,45398.684045999995,40000.000002999994,5398.684043000001,10198.145109,0.0
47,ammonia_re_2035_-0003,-0.3%,-0.29999999999999716,0.081577841067,44592.335026,45398.550701,40000.000007,5398.550694,10198.145959,0.0
48,ammonia_re_2035_+0000,+0.0%,0.0,0.081823311,44594.833598,45396.557308,40000.000002,5396.557306000001,10198.144353,0.0
49,ammonia_re_2035_+0007,+0.7%,0.7000000000000028,0.08239607417700001,44600.669801000004,45399.922865,40000.0,5399.9228650000005,10198.143903,0.0
50,ammonia_re_2035_+0017,+1.7%,1.7000000000000028,0.08321430728700001,44609.023908,45398.778629,40000.000002,5398.778627,10198.14504,0.0
51,ammonia_re_2035_+0027,+2.7%,2.700000000000003,0.084032540397,44617.436648,45397.228750999995,40000.000012,5397.228739,10198.152794,0.0
52,ammonia_re_2035_+0037,+3.7%,3.700000000000003,0.08485077350699999,44625.723485,45398.182823,40000.000002,5398.182821,10198.14543,0.0
53,ammonia_re_2035_+0047,+4.7%,4.700000000000003,0.08566900661699998,44634.068653999995,45398.887757,40000.000014,5398.887743000002,10198.146763,0.0
54,ammonia_re_2035_+0057,+5.7%,5.700000000000003,0.086487239727,44642.404661,45398.376912,40000.000003,5398.3769090000005,10198.144963,0.0
55,ammonia_re_2035_+0067,+6.7%,6.700000000000003,0.08730547283699999,44650.743544,45398.393731000004,40000.000002,5398.393729000002,10198.14447,0.0
56,ammonia_re_2035_+0077,+7.7%,7.700000000000003,0.08812370594699999,44659.10981,45399.358586,40000.000015,5399.358571000001,10198.146976,0.0
57,ammonia_re_2035_+0087,+8.7%,8.700000000000003,0.088941939057,44667.427803,45398.33242500001,40000.00000100001,5398.332423999999,10198.143945,0.0
58,ammonia_re_2035_+0097,+9.7%,9.700000000000003,0.089760172167,44675.77825999999,45398.300578,40000.000003,5398.300575,10198.144382,0.0
59,ammonia_re_2035_+0107,+10.7%,10.700000000000003,0.090578405277,44684.148816999994,45396.942844000005,40000.000006,5396.942838000001,10198.145732,0.0
60,ammonia_re_2035_+0117,+11.7%,11.700000000000003,0.09139663838699999,44692.463938,45398.141574,40000.000002,5398.141572000001,10198.144118,0.0
61,ammonia_re_2035_+0127,+12.7%,12.700000000000003,0.092214871497,44700.80994400001,45397.876562000005,40000.000003,5397.876559,10198.144104,0.0
62,ammonia_re_2035_+0137,+13.7%,13.700000000000003,0.093033104607,44709.152567000005,45398.21014,40000.0,5398.210140000001,10198.144067,0.0
63,ammonia_re_2035_+0147,+14.7%,14.700000000000003,0.093851337717,44717.499307000006,45397.930869,40000.000001,5397.930868000001,10198.144165,0.0
64,ammonia_re_2035_+0157,+15.7%,15.700000000000003,0.09466957082699999,44725.850484,45399.118767,40000.000003,5399.118764,10198.144617,0.0
65,ammonia_re_2035_+0167,+16.7%,16.700000000000003,0.095487803937,44734.192409,45398.560063000004,40000.000004,5398.560059,10198.143619,0.000992
66,ammonia_re_2035_+0177,+17.7%,17.700000000000003,0.096306037047,44742.545885,45398.234919,40000.000005,5398.2349140000015,10198.143251,0.001577
67,ammonia_re_2035_+0187,+18.7%,18.700000000000003,0.097124270157,44750.885694000004,45398.616895,40000.000005,5398.616889999999,10198.14326,0.001427
68,ammonia_re_2035_+0197,+19.7%,19.700000000000003,0.097942503267,44759.222777,45398.102754,40000.000002,5398.102752000001,10198.143407,0.000623
69,ammonia_re_2035_+0207,+20.7%,20.700000000000003,0.098760736377,44767.583429,45398.779131,40000.000001,5398.77913,10198.142794,0.001856
70,ammonia_re_2035_+0217,+21.7%,21.700000000000003,0.099578969487,44775.91417399999,45398.413004,40000.000002,5398.413002,10198.143156,0.00087
71,ammonia_re_2035_+0227,+22.7%,22.700000000000003,0.100397202597,44784.259635,45398.53088199999,40000.000006999995,5398.530875,10198.142962,0.001269
72,ammonia_re_2035_+0237,+23.7%,23.700000000000003,0.101215435707,44792.611489999996,45398.402253,40000.000006,5398.402247,10198.142406,0.001971
73,ammonia_re_2035_+0247,+24.7%,24.700000000000003,0.102033668817,44800.956242,45398.559531000006,40000.000009,5398.559522,10198.142762,0.001752
74,ammonia_re_2035_+0257,+25.7%,25.700000000000003,0.102851901927,44809.285784,45398.670372,40000.0,5398.6703720000005,10198.143121,0.000632
75,ammonia_re_2035_+0267,+26.7%,26.700000000000003,0.10367013503699998,44817.62474,45398.982421,40000.000001,5398.982420000001,10198.143483,0.000148
76,ammonia_re_2035_+0277,+27.7%,27.700000000000003,0.10448836814700001,44825.970289000004,45399.374396,39999.999999,5399.3743970000005,10198.143422,0.000234
77,ammonia_re_2035_+0287,+28.7%,28.700000000000003,0.10530660125699999,44834.322967,45400.33881000001,40000.00000700001,5400.338803000001,10198.142803,0.001072
78,ammonia_re_2035_+0297,+29.7%,29.700000000000003,0.106124834367,44842.679265,45398.651094,40000.0,5398.651093999999,10198.142134,0.001617
79,ammonia_re_2035_+0307,+30.7%,30.700000000000003,0.10694306747699998,44851.01079300001,45397.893819000004,40000.000002,5397.893817000001,10198.142738,0.001039
80,ammonia_re_2035_+0317,+31.7%,31.700000000000003,0.107761300587,44859.361886,45398.487255,40000.000003,5398.487252,10198.14223,0.00183
81,ammonia_re_2035_+0327,+32.7%,32.7,0.10857953369699999,44867.707921,45399.315006000004,40000.000007,5399.314998999999,10198.141461,0.00249
82,ammonia_re_2035_+0337,+33.7%,33.7,0.10939776680699999,44876.043154,45398.695538,40000.000001,5398.6955370000005,10198.142619,0.000996
83,ammonia_re_2035_+0347,+34.7%,34.7,0.110215999917,44884.403936,45398.978203000006,40000.000006,5398.978197000001,10198.1405,0.003347
84,ammonia_re_2035_+0357,+35.7%,35.7,0.111034233027,44892.748167,45398.642513,40000.000002,5398.642511000001,10198.140147,0.003761
85,ammonia_re_2035_+0367,+36.7%,36.7,0.11185246613699999,44901.078658,45398.542154,40000.000003,5398.542151000001,10198.142256,0.00139
86,ammonia_re_2035_+0377,+37.7%,37.7,0.11267069924699999,44909.441225,45396.478758,40000.000001,5396.478757000001,10198.138845,0.004591
87,ammonia_re_2035_+0387,+38.7%,38.7,0.113488932357,44917.7834,45398.369651,40000.000003,5398.369648000001,10198.139182,0.004665
88,ammonia_re_2035_+0397,+39.7%,39.7,0.114307165467,44926.120045,45398.37982,40000.000005,5398.379814999999,10198.139772,0.003656
89,ammonia_re_2035_+0407,+40.7%,40.7,0.115125398577,44934.45013500001,45398.95033,40000.000001,5398.950329000001,10198.142564,0.000956
90,ammonia_re_2035_+0417,+41.7%,41.7,0.115943631687,44942.889491,45396.376116,40000.000013,5396.376103,10198.12067,0.02179
91,ammonia_re_2035_+0427,+42.7%,42.7,0.116761864797,44951.152919,45398.571241,40000.000003,5398.571238,10198.139206,0.00412
92,ammonia_re_2035_+0437,+43.7%,43.7,0.117580097907,44959.505259,45397.26331,40000.000002,5397.2633080000005,10198.13659,0.006425
93,ammonia_re_2035_+0447,+44.7%,44.7,0.118398331017,44967.848001,45399.181587,40000.000002,5399.181585,10198.136105,0.007098
94,ammonia_re_2035_+0457,+45.7%,45.7,0.119216564127,44976.18753,45396.803631,40000.000002,5396.803629,10198.137374,0.005858
95,ammonia_re_2035_+0467,+46.7%,46.7,0.120034797237,44984.524391,45398.785198,40000.000004,5398.785194,10198.138794,0.004366
96,ammonia_re_2035_+0477,+47.7%,47.7,0.120853030347,44992.879402000006,45398.885092,40000.000003,5398.885088999999,10198.131999,0.010565
97,ammonia_re_2035_+0487,+48.7%,48.7,0.121671263457,45001.224333000006,45398.35975900001,40000.00000500001,5398.359754000001,10198.130465,0.012488
98,ammonia_re_2035_+0497,+49.7%,49.7,0.122489496567,45009.574316,45399.192397,40000.0,5399.192397,10198.121298,0.021663
99,ammonia_re_2035_+0507,+50.7%,50.7,0.123307729677,45017.898841,45398.583158,40000.0,5398.583158000001,10198.134112,0.009156
100,ammonia_re_2035_+0517,+51.7%,51.7,0.12412596278699999,45026.253924000004,45398.539532,40000.00001,5398.539522000001,10198.11283,0.029185
101,ammonia_re_2035_+0527,+52.7%,52.7,0.12494419589700001,45034.597308,45399.621510000004,40000.000004,5399.621506,10198.061821,0.080316
102,ammonia_re_2035_+0537,+53.7%,53.7,0.125762429007,45039.647947,45412.884822,40000.000006,5412.884815999999,0.082923,10198.059473
103,ammonia_re_2035_+0547,+54.7%,54.7,0.126580662117,45039.65833599999,45413.403911,40000.00001,5413.403901000001,0.046627,10198.094107
104,ammonia_re_2035_+0557,+55.7%,55.7,0.127398895227,45039.648313,45413.039324000005,40000.000002,5413.039322000001,0.007507,10198.135061
105,ammonia_re_2035_+0567,+56.7%,56.7,0.128217128337,45039.664669,45412.82148299999,40000.000008999996,5412.821474,0.012014,10198.128675
106,ammonia_re_2035_+0577,+57.7%,57.7,0.12903536144699998,45039.642875000005,45412.506734,40000.000001,5412.506733,0.002246,10198.140888
107,ammonia_re_2035_+0587,+58.7%,58.7,0.12985359455700002,45039.658167,45412.833332,40000.000012000004,5412.83332,0.010732,10198.130293
108,ammonia_re_2035_+0597,+59.7%,59.7,0.130671827667,45039.696272,45413.078994,40000.000014000005,5413.07898,0.014315,10198.123197
109,ammonia_re_2035_+0607,+60.7%,60.7,0.13149006077699998,45039.654905,45412.413625,40000.000005,5412.41362,0.004678,10198.136945
110,ammonia_re_2035_+0617,+61.7%,61.7,0.132308293887,45039.65678999999,45412.688869000005,40000.000003,5412.688866,0.004616,10198.137468
111,ammonia_re_2035_+0627,+62.7%,62.7,0.133126526997,45039.651550999995,45413.087441,40000.00001,5413.087431000001,0.004086,10198.13789
112,ammonia_re_2035_+0637,+63.7%,63.7,0.133944760107,45039.65945199999,45412.96176,40000.000018,5412.9617419999995,0.00652,10198.134373
113,ammonia_re_2035_+0647,+64.7%,64.7,0.134762993217,45039.65323,45412.823107000004,40000.000007,5412.8231,0.004044,10198.137735
114,ammonia_re_2035_+0657,+65.7%,65.7,0.13558122632699998,45039.652656,45413.027526000005,40000.000009,5413.0275169999995,0.003236,10198.138995
115,ammonia_re_2035_+0667,+66.7%,66.7,0.136399459437,45039.652766,45413.077959,40000.000004,5413.077955,0.002752,10198.139188
116,ammonia_re_2035_+0677,+67.7%,67.7,0.137217692547,45039.63923100001,45413.210504999995,39999.999999,5413.210505999999,0.000342,10198.143008
117,ammonia_re_2035_+0687,+68.7%,68.7,0.13803592565699999,45039.666207999995,45412.779834999994,40000.000009999996,5412.7798250000005,0.00438,10198.136424
118,ammonia_re_2035_+0697,+69.7%,69.7,0.138854158767,45039.659908999995,45412.952987000004,40000.00001,5412.952977000002,0.003559,10198.137559
119,ammonia_re_2035_+0707,+70.7%,70.7,0.139672391877,45039.642393999995,45412.868148,40000.000002,5412.868146000002,0.00052,10198.142643
120,ammonia_re_2035_+0717,+71.7%,71.7,0.140490624987,45039.645466,45412.916229,40000.0,5412.916229000001,0.001064,10198.141805
121,ammonia_re_2035_+0727,+72.7%,72.7,0.14130885809699997,45039.646471,45412.804818,40000.000006999995,5412.804810999999,0.001362,10198.14121
122,ammonia_re_2035_+0737,+73.7%,73.7,0.142127091207,45039.647388,45412.74142300001,40000.000012000004,5412.741411,0.001422,10198.141091
123,ammonia_re_2035_+0747,+74.7%,74.7,0.142945324317,45039.660997,45412.979662,40000.000019,5412.979643000001,0.003131,10198.138124
124,ammonia_re_2035_+0757,+75.7%,75.7,0.143763557427,45039.644709,45412.706678,40000.000006,5412.706672000001,0.001044,10198.141718
125,ammonia_re_2035_+0767,+76.7%,76.7,0.144581790537,45039.646459,45412.452096,40000.000006,5412.452090000001,0.001056,10198.141548
126,ammonia_re_2035_+0777,+77.7%,77.7,0.145400023647,45039.656237999996,45413.034333999996,40000.00002399999,5413.034310000001,0.00248,10198.138601
127,ammonia_re_2035_+0787,+78.7%,78.7,0.14621825675699998,45039.660519,45412.757998,40000.000008,5412.75799,0.001712,10198.140134
128,ammonia_re_2035_+0797,+79.7%,79.7,0.147036489867,45039.658715,45413.17417500001,40000.000008,5413.174167000001,0.001793,10198.140548
129,ammonia_re_2035_+0807,+80.7%,80.7,0.14785472297699997,45039.656386999995,45413.422474,40000.000002,5413.422471999999,0.001512,10198.140751
130,ammonia_re_2035_+0817,+81.7%,81.7,0.148672956087,45039.648302999994,45412.736199000006,40000.000004,5412.736195000001,0.001059,10198.141449
131,ammonia_re_2035_+0827,+82.7%,82.7,0.149491189197,45039.666402,45412.650213,40000.000009,5412.650204,0.002485,10198.138018
132,ammonia_re_2035_+0837,+83.7%,83.7,0.150309422307,45039.651675,45412.476469,39999.999999,5412.4764700000005,0.000583,10198.142194
133,ammonia_re_2035_+0847,+84.7%,84.7,0.151127655417,45039.662935,45412.981662000006,40000.000007,5412.9816550000005,0.001508,10198.140084
134,ammonia_re_2035_+0857,+85.7%,85.7,0.151945888527,45039.82820599999,45411.98938,40000.000064,5411.989315999999,0.013553,10198.112344
135,ammonia_re_2035_+0867,+86.7%,86.7,0.15276412163699998,45039.656229,45412.683411000005,40000.000009,5412.683401999999,0.001551,10198.140079
136,ammonia_re_2035_+0877,+87.7%,87.7,0.153582354747,45039.657232,45413.108468,40000.000015,5413.108453,0.001721,10198.139649
137,ammonia_re_2035_+0887,+88.7%,88.7,0.154400587857,45039.6511,45413.051621,40000.000008,5413.051612999999,0.001003,10198.14115
138,ammonia_re_2035_+0897,+89.7%,89.7,0.155218820967,45039.658411,45412.88738,40000.000011000004,5412.887369,0.001951,10198.139793
139,ammonia_re_2035_+0899,+89.9%,89.9,0.15538246758899998,45039.646634000004,45412.928398000004,40000.000003,5412.928394999999,0.000542,10198.142385
